temp,pressure,energy-Structure-1,energy-Structure-2,energy-Structure-0
0.0,0,-9.0647993995,-8.89754233525,-8.904854454875
10.0,0,-9.06479942675,-8.89754233675,-8.904854456
20.0,0,-9.06479994825,-8.897542368,-8.904854476625001
30.0,0,-9.06480211475,-8.897542507499999,-8.90485456875
40.0,0,-9.06480729275,-8.89754288775,-8.904854819750001
50.0,0,-9.06481687175,-8.897543697,-8.904855355750001
60.0,0,-9.0648322505,-8.8975451855,-8.904856346625001
70.0,0,-9.0648548545,-8.89754767325,-8.904858014125
80.0,0,-9.064886146,-8.8975515615,-8.904860644500001
90.0,0,-9.06492761975,-8.89755734475,-8.90486460225
100.0,0,-9.0649807865,-8.89756561725,-8.904870341625001
110.0,0,-9.06504715275,-8.8975770745,-8.904878411
120.0,0,-9.065128198,-8.8975925055,-8.904889451125001
130.0,0,-9.0652253535,-8.89761278075,-8.904904187125
140.0,0,-9.0653399865,-8.897638837999999,-8.904923416875
150.0,0,-9.06547338625,-8.897671666499999,-8.904947998
160.0,0,-9.065626756,-8.8977122925,-8.904978833625002
170.0,0,-9.0658012075,-8.89776176775,-8.905016861250001
180.0,0,-9.06599776,-8.8978211565,-8.905063040375001
190.0,0,-9.066217341,-8.89789152675,-8.905118343375001
200.0,0,-9.06646079075,-8.89797394175,-8.905183746625001
210.0,0,-9.06672886525,-8.89806945225,-8.905260223125001
220.0,0,-9.06702224325,-8.898179091,-8.905348735875
230.0,0,-9.067341532,-8.898303864999999,-8.905450232500002
240.0,0,-9.0676872725,-8.89844475275,-8.905565639875
250.0,0,-9.06805994625,-8.898602699,-8.905695859875001
260.0,0,-9.06845998025,-8.89877861025,-8.905841765875001
270.0,0,-9.068887753,-8.89897335425,-8.906004199500002
280.0,0,-9.069343597,-8.899187755,-8.906183968
290.0,0,-9.0698278055,-8.899422593,-8.906381842125
300.0,0,-9.07034063425,-8.899678603749999,-8.906598555
310.0,0,-9.07088230525,-8.899956476249999,-8.9068348005
320.0,0,-9.07145301025,-8.900256854,-8.907091233125001
330.0,0,-9.072052912,-8.90058033525,-8.907368467125002
340.0,0,-9.07268214825,-8.90092747275,-8.907667077500001
350.0,0,-9.073340832,-8.90129877525,-8.907987599250001
360.0,0,-9.07402905375,-8.901694709,-8.908330529
370.0,0,-9.07474688425,-8.90211569875,-8.908696325125002
380.0,0,-9.075494374,-8.902562129,-8.909085409500001
390.0,0,-9.0762715565,-8.9030343465,-8.909498168
400.0,0,-9.0770784475,-8.903532661,-8.909934952125
410.0,0,-9.07791504825,-8.904057348,-8.91039608025
420.0,0,-9.07878134475,-8.9046086495,-8.91088183925
430.0,0,-9.07967730925,-8.905186776999999,-8.911392485750001
440.0,0,-9.08060290175,-8.905791912,-8.911928247750001
450.0,0,-9.08155807,-8.906424208499999,-8.912489326125002
460.0,0,-9.08254275125,-8.907083795,-8.913075895625001
470.0,0,-9.0835568715,-8.9077707755,-8.913688107250001
480.0,0,-9.08460034825,-8.908485231,-8.914326088625002
490.0,0,-9.085673089,-8.909227222,-8.914989946250001
500.0,0,-9.08677499375,-8.90999678875,-8.915679766250001
510.0,0,-9.0879059545,-8.91079395375,-8.916395615875
520.0,0,-9.0890658565,-8.911618722,-8.91713754475
530.0,0,-9.090254578,-8.912471083,-8.917905586000002
540.0,0,-9.0914719915,-8.91335101225,-8.918699757375
550.0,0,-9.09271796425,-8.91425847075,-8.919520062250001
560.0,0,-9.09399235775,-8.9151934085,-8.92036649075
570.0,0,-9.0952950295,-8.91615576325,-8.92123902075
580.0,0,-9.096625833,-8.91714546225,-8.9221376185
590.0,0,-9.09798461725,-8.91816242375,-8.923062239875001
600.0,0,-9.0993712285,-8.919206556999999,-8.924012830750002
610.0,0,-9.1007855095,-8.92027776325,-8.924989328250001
620.0,0,-9.1022273005,-8.9213759365,-8.925991661000001
630.0,0,-9.1036964395,-8.922500964,-8.927019750125002
640.0,0,-9.10519276175,-8.9236527275,-8.928073509625001
650.0,0,-9.1067161015,-8.9248311025,-8.929152847000001
660.0,0,-9.10826629075,-8.92603596025,-8.93025766425
670.0,0,-9.10984316075,-8.9272671675,-8.9313878575
680.0,0,-9.1114465405,-8.92852458725,-8.9325433185
690.0,0,-9.11307625975,-8.929808078,-8.93372393425
700.0,0,-9.114732146,-8.9311174965,-8.93492958775
710.0,0,-9.116414027,-8.932452696,-8.936160158500002
720.0,0,-9.11812173,-8.9338135275,-8.937415522875002
730.0,0,-9.119855082,-8.9351998395,-8.938695554
740.0,0,-9.12161390975,-8.936611479749999,-8.9400001225
750.0,0,-9.12339804075,-8.93804829325,-8.941329096875
760.0,0,-9.12520730175,-8.9395101245,-8.942682343500001
770.0,0,-9.1270415205,-8.94099681675,-8.944059726875
780.0,0,-9.128900525,-8.9425082125,-8.94546111
790.0,0,-9.1307841435,-8.9440441535,-8.946886354625
800.0,0,-9.13269220525,-8.94560448075,-8.948335321375001
810.0,0,-9.13462453975,-8.94718903575,-8.949807869750002
820.0,0,-9.136580978,-8.94879765875,-8.95130385875
830.0,0,-9.138561351,-8.95043019125,-8.952823146625
840.0,0,-9.14056549125,-8.95208647375,-8.954365591250001
850.0,0,-9.14259323175,-8.95376634775,-8.95593105
860.0,0,-9.14464440725,-8.955469655,-8.957519380375
870.0,0,-9.14671885275,-8.957196237,-8.9591304395
880.0,0,-9.148816405,-8.958945937,-8.96076408475
890.0,0,-9.15093690125,-8.96071859775,-8.96242017375
900.0,0,-9.15308018075,-8.96251406325,-8.964098564
910.0,0,-9.155246083,-8.96433217825,-8.965799113625001
920.0,0,-9.15743444975,-8.9661727885,-8.967521681000001
930.0,0,-9.15964512325,-8.96803574,-8.969266125
940.0,0,-9.1618779475,-8.96992088025,-8.971032305125
950.0,0,-9.16413276775,-8.971828057749999,-8.9728200815
960.0,0,-9.16640943025,-8.97375712175,-8.974629314500001
970.0,0,-9.16870778275,-8.975707922749999,-8.976459865875
980.0,0,-9.171027675,-8.977680312,-8.978311597500001
990.0,0,-9.173368957,-8.9796741425,-8.9801843725
1000.0,0,-9.17573148075,-8.98168926775,-8.9820780545
0.0,25,-7.835870474749999,-8.0349985495,-8.046664355125001
10.0,25,-7.8358705015,-8.034998551,-8.04666435625
20.0,25,-7.8358710165,-8.03499858225,-8.046664376875
30.0,25,-7.835873167749999,-8.034998722,-8.046664469000001
40.0,25,-7.835878322999999,-8.034999101999999,-8.04666472
50.0,25,-7.835887872499999,-8.034999911249999,-8.046665256
60.0,25,-7.835903216249999,-8.035001399999999,-8.046666246875
70.0,25,-7.835925780499999,-8.03500388775,-8.046667914375
80.0,25,-7.835957028249999,-8.035007775999999,-8.04667054475
90.0,25,-7.835998454499999,-8.035013559,-8.046674502625
100.0,25,-7.8360515705,-8.0350218315,-8.046680242125001
110.0,25,-7.836117883249999,-8.03503328875,-8.0466883115
120.0,25,-7.836198872249999,-8.03504871975,-8.04669935175
130.0,25,-7.836295969249999,-8.035068995,-8.046714087875001
140.0,25,-7.836410541499999,-8.035095051999999,-8.04673331775
150.0,25,-7.8365438785,-8.03512788025,-8.046757899000001
160.0,25,-7.836697183749999,-8.0351685065,-8.046788734875001
170.0,25,-7.836871569249999,-8.035217981499999,-8.046826762750001
180.0,25,-7.837068053999999,-8.03527737,-8.046872942250001
190.0,25,-7.83728756625,-8.035347739999999,-8.0469282455
200.0,25,-7.837530945499999,-8.035430155,-8.046993649125001
210.0,25,-7.8377989485,-8.0355256655,-8.047070126000001
220.0,25,-7.838092254249999,-8.035635303749999,-8.047158639125001
230.0,25,-7.8384114695,-8.03576007775,-8.047260136125
240.0,25,-7.838757135499999,-8.035900965249999,-8.047375544000001
250.0,25,-7.839129733999999,-8.036058911249999,-8.0475057645
260.0,25,-7.839529692249999,-8.03623482225,-8.047651671
270.0,25,-7.839957388249999,-8.036429565999999,-8.047814105250001
280.0,25,-7.840413154999999,-8.0366439665,-8.04799387425
290.0,25,-7.8408972855,-8.03687880425,-8.048191749
300.0,25,-7.841410035749999,-8.0371348145,-8.048408462500001
310.0,25,-7.841951627749999,-8.037412686749999,-8.048644708625
320.0,25,-7.842522252999999,-8.03771306425,-8.048901141750001
330.0,25,-7.843122074999999,-8.038036544999999,-8.0491783765
340.0,25,-7.84375123075,-8.03838368225,-8.0494769875
350.0,25,-7.844409833499999,-8.03875498425,-8.049797510000001
360.0,25,-7.845097973999999,-8.03915091775,-8.050140440375001
370.0,25,-7.845815722749999,-8.039571907,-8.050506237250001
380.0,25,-7.846563130749999,-8.040018337,-8.050895322375
390.0,25,-7.847340230749999,-8.040490554,-8.051308081625
400.0,25,-7.8481470395,-8.040988868249999,-8.051744866375001
410.0,25,-7.848983557249999,-8.041513554749999,-8.05220599525
420.0,25,-7.8498497705,-8.042064856,-8.052691755000001
430.0,25,-7.85074565175,-8.04264298275,-8.053202402375002
440.0,25,-7.8516711605,-8.04324811725,-8.053738165125
450.0,25,-7.852626245249999,-8.0438804135,-8.054299244125001
460.0,25,-7.853610842249999,-8.0445399995,-8.0548858145
470.0,25,-7.854624878499999,-8.045226979499999,-8.055498026875
480.0,25,-7.855668270499999,-8.045941434749999,-8.056136009125002
490.0,25,-7.85674092675,-8.046683425249999,-8.0567998675
500.0,25,-7.857842746749999,-8.0474529915,-8.057489688250001
510.0,25,-7.858973622749999,-8.048250156,-8.05820553875
520.0,25,-7.860133439499999,-8.04907492375,-8.058947468375
530.0,25,-7.861322075749999,-8.04992728425,-8.0597155105
540.0,25,-7.86253940375,-8.050807212999999,-8.060509682625002
550.0,25,-7.863785290999999,-8.051714671,-8.061329988375
560.0,25,-7.865059598749999,-8.052649608249999,-8.062176417625
570.0,25,-7.866362184999999,-8.053611962249999,-8.0630489485
580.0,25,-7.867692902499999,-8.054601660749999,-8.063947547000001
590.0,25,-7.869051600749999,-8.05561862175,-8.06487216925
600.0,25,-7.870438125749999,-8.0566627545,-8.065822761000002
610.0,25,-7.871852320499999,-8.05773396025,-8.06679925925
620.0,25,-7.873294025249999,-8.058832133,-8.067801592875
630.0,25,-7.874763077749999,-8.05995716,-8.068829682875
640.0,25,-7.876259313749999,-8.06110892275,-8.069883443125
650.0,25,-7.87778256675,-8.0622872975,-8.070962781375
660.0,25,-7.879332669499999,-8.06349215475,-8.0720675995
670.0,25,-7.880909452499999,-8.064723361499999,-8.073197793625
680.0,25,-7.8825127455,-8.065980780499999,-8.0743532555
690.0,25,-7.884142377749999,-8.06726427075,-8.075533872000001
700.0,25,-7.885798176999999,-8.06857368875,-8.076739526375
710.0,25,-7.887479970999999,-8.069908887499999,-8.077970098000002
720.0,25,-7.889187586749999,-8.0712697185,-8.079225463250001
730.0,25,-7.890920851749999,-8.07265603,-8.080505495125001
740.0,25,-7.892679592249999,-8.0740676695,-8.0818100645
750.0,25,-7.894463635999999,-8.0755044825,-8.083139039875
760.0,25,-7.896272809749999,-8.076966313249999,-8.08449228725
770.0,25,-7.898106940999999,-8.078453005,-8.085869671500001
780.0,25,-7.899965857999999,-8.0799644,-8.0872710555
790.0,25,-7.901849389,-8.0815003405,-8.088696301
800.0,25,-7.903757362999999,-8.083060667249999,-8.090145268625001
810.0,25,-7.90568961,-8.084645221499999,-8.091617817875001
820.0,25,-7.907645960499999,-8.086253844,-8.09311380775
830.0,25,-7.909626245749999,-8.08788637575,-8.0946330965
840.0,25,-7.911630298249999,-8.08954265775,-8.096175541875
850.0,25,-7.913657951249999,-8.091222531249999,-8.097741001500001
860.0,25,-7.915709038999999,-8.09292583775,-8.09932933275
870.0,25,-7.917783396499999,-8.09465241925,-8.100940392750001
880.0,25,-7.919880860749999,-8.096402118499999,-8.102574038875002
890.0,25,-7.922001269249999,-8.09817477875,-8.10423012875
900.0,25,-7.924144460499999,-8.0999702435,-8.105908519875001
910.0,25,-7.926310275,-8.101788357999999,-8.107609070375
920.0,25,-7.928498553499999,-8.103628967499999,-8.109331638625001
930.0,25,-7.930709138999999,-8.1054919185,-8.1110760835
940.0,25,-7.932941875249999,-8.10737705825,-8.112842264500001
950.0,25,-7.935196607249999,-8.109284234999999,-8.114630041625
960.0,25,-7.9374731815,-8.1112132985,-8.116439275625
970.0,25,-7.939771445999999,-8.11316409875,-8.118269827750002
980.0,25,-7.942091249749999,-8.1151364875,-8.12012156025
990.0,25,-7.944432443499999,-8.11713031725,-8.121994336125
1000.0,25,-7.94679487925,-8.119145441999999,-8.123888019
0.0,50,-6.800154759750001,-7.21048304525,-7.225790563375
10.0,50,-6.8001547865,-7.210483047,-7.2257905645
20.0,50,-6.80015530275,-7.21048307825,-7.22579058525
30.0,50,-6.80015745725,-7.21048321775,-7.22579067725
40.0,50,-6.800162617500001,-7.210483598,-7.22579092825
50.0,50,-6.80017217375,-7.21048440725,-7.22579146425
60.0,50,-6.80018752575,-7.21048589575,-7.225792455125
70.0,50,-6.80021009925,-7.210488383499999,-7.225794122625
80.0,50,-6.80024135725,-7.21049227175,-7.225796753
90.0,50,-6.8002827945,-7.210498054999999,-7.225800710875
100.0,50,-6.8003359225,-7.2105063275,-7.22580645025
110.0,50,-6.80040224775,-7.210517784749999,-7.225814519625
120.0,50,-6.80048324975,-7.21053321575,-7.22582555975
130.0,50,-6.800580360250001,-7.210553491,-7.22584029575
140.0,50,-6.80069494625,-7.21057954825,-7.225859525500001
150.0,50,-6.800828297750001,-7.210612376749999,-7.225884106625
160.0,50,-6.800981617500001,-7.21065300275,-7.225914942375001
170.0,50,-6.80115601775,-7.210702478,-7.22595297
180.0,50,-6.801352517750001,-7.210761866749999,-7.225999149250001
190.0,50,-6.80157204525,-7.210832237,-7.22605445225
200.0,50,-6.80181544,-7.210914652,-7.2261198555
210.0,50,-6.802083459,-7.21101016275,-7.226196332000001
220.0,50,-6.8023767805,-7.21111980125,-7.226284844875
230.0,50,-6.80269601175,-7.2112445755,-7.2263863415
240.0,50,-6.803041694,-7.21138546325,-7.226501749
250.0,50,-6.803414309,-7.2115434095,-7.226631969
260.0,50,-6.80381428375,-7.211719320749999,-7.226777875125
270.0,50,-6.80424199625,-7.21191406475,-7.226940308875
280.0,50,-6.804697779750001,-7.2121284655,-7.227120077375
290.0,50,-6.8051819272500005,-7.2123633035,-7.227317951625
300.0,50,-6.8056946942500005,-7.212619314249999,-7.227534664625
310.0,50,-6.80623630325,-7.21289718675,-7.22777091025
320.0,50,-6.80680694575,-7.2131975645,-7.228027342875
330.0,50,-6.80740678475,-7.21352104575,-7.228304577
340.0,50,-6.8080359577500005,-7.21386818325,-7.228603187375
350.0,50,-6.80869457775,-7.21423948575,-7.22892370925
360.0,50,-6.809382736,-7.214635419499999,-7.229266639
370.0,50,-6.810100502,-7.215056409,-7.22963243525
380.0,50,-6.8108479275,-7.21550283925,-7.23002151975
390.0,50,-6.811625045,-7.21597505675,-7.230434278250001
400.0,50,-6.81243187125,-7.21647337125,-7.230871062375
410.0,50,-6.813268406750001,-7.21699805825,-7.231332190625
420.0,50,-6.8141346377500005,-7.21754935975,-7.23181794975
430.0,50,-6.81503053675,-7.218127487,-7.23232859625
440.0,50,-6.815956063250001,-7.21873262175,-7.232864358375
450.0,50,-6.816911165750001,-7.21936491825,-7.23342543675
460.0,50,-6.817895780750001,-7.22002450475,-7.234012006375
470.0,50,-6.81890983475,-7.220711485,-7.234624218
480.0,50,-6.819953244750001,-7.2214259405,-7.235262199375001
490.0,50,-6.821025919,-7.2221679315,-7.235926057125
500.0,50,-6.8221277570000005,-7.22293749825,-7.236615877125001
510.0,50,-6.823258651000001,-7.223734663,-7.237331726875
520.0,50,-6.82441848575,-7.224559431,-7.23807365575
530.0,50,-6.825607140250001,-7.225411792,-7.238841697
540.0,50,-6.8268244865000005,-7.22629172075,-7.239635868375
550.0,50,-6.828070391500001,-7.227199179499999,-7.24045617325
560.0,50,-6.829344717750001,-7.228134117,-7.241302601875001
570.0,50,-6.830647322,-7.22909647125,-7.242175131875
580.0,50,-6.831978057750001,-7.23008617025,-7.243073729625
590.0,50,-6.83333677425,-7.2311031315,-7.243998351
600.0,50,-6.8347233175,-7.23214726475,-7.244948941875
610.0,50,-6.8361375305,-7.23321847075,-7.245925439500001
620.0,50,-6.8375792535,-7.23431664375,-7.24692777225
630.0,50,-6.8390483245,-7.235441671,-7.247955861375
640.0,50,-6.8405445785,-7.23659343425,-7.249009620875
650.0,50,-6.84206785,-7.237771809,-7.25008895825
660.0,50,-6.8436179710000005,-7.23897666675,-7.2511937755
670.0,50,-6.8451947725,-7.24020787375,-7.25232396875
680.0,50,-6.8467980840000005,-7.241465293,-7.25347942975
690.0,50,-6.8484277345,-7.24274878375,-7.2546600455
700.0,50,-6.85008355225,-7.244058202,-7.255865699
710.0,50,-6.85176536475,-7.24539340125,-7.257096269875
720.0,50,-6.853472999,-7.2467542325,-7.258351634125
730.0,50,-6.85520628225,-7.2481405445,-7.259631665250001
740.0,50,-6.8569650415000005,-7.24955218425,-7.26093623375
750.0,50,-6.8587491035,-7.250988997499999,-7.262265208125
760.0,50,-6.860558295750001,-7.2524508285,-7.26361845475
770.0,50,-6.8623924455,-7.25393752075,-7.264995838125
780.0,50,-6.864251381000001,-7.255448916,-7.26639722125
790.0,50,-6.8661349305,-7.25698485675,-7.267822465875001
800.0,50,-6.86804292325,-7.25854518375,-7.269271432625
810.0,50,-6.869975188750001,-7.26012973825,-7.270743981
820.0,50,-6.87193155775,-7.26173836125,-7.27223997
830.0,50,-6.87391186175,-7.263370893499999,-7.273759257875
840.0,50,-6.87591593275,-7.26502717575,-7.275301702375001
850.0,50,-6.87794360425,-7.2667070495,-7.276867161125001
860.0,50,-6.8799947105,-7.268410356249999,-7.278455491375
870.0,50,-6.8820690867500005,-7.270136938,-7.280066550625
880.0,50,-6.8841665697500005,-7.27188663775,-7.281700195875
890.0,50,-6.88628699675,-7.27365929825,-7.28335628475
900.0,50,-6.888430206750001,-7.2754547635,-7.285034675
910.0,50,-6.89059603975,-7.27727287825,-7.286735224625001
920.0,50,-6.892784337,-7.279113488,-7.288457791875
930.0,50,-6.89499494125,-7.28097643925,-7.290202236
940.0,50,-6.897227696000001,-7.282861579249999,-7.291968416
950.0,50,-6.89948244675,-7.2847687565,-7.29375619225
960.0,50,-6.90175903975,-7.28669782,-7.295565425375
970.0,50,-6.90405732275,-7.28864862075,-7.297395976625
980.0,50,-6.9063771452500005,-7.29062100975,-7.29924770825
990.0,50,-6.908718357750001,-7.29261483975,-7.301120483125
1000.0,50,-6.911080812000001,-7.294629964749999,-7.303014165125
0.0,75,-5.8515130995,-6.41790677825,-6.436354919375
10.0,75,-5.851513126,-6.41790677975,-6.4363549205
20.0,75,-5.85151364125,-6.417906811,-6.436354941125
30.0,75,-5.851515793000001,-6.41790695075,-6.43635503325
40.0,75,-5.851520949,-6.417907331,-6.43635528425
50.0,75,-5.851530499750001,-6.41790814025,-6.43635582025
60.0,75,-5.85154584525,-6.41790962875,-6.436356811125
70.0,75,-5.851568411750001,-6.4179121165,-6.436358478625
80.0,75,-5.851599661750001,-6.41791600475,-6.436361108875
90.0,75,-5.85164109075,-6.417921788,-6.43636506675
100.0,75,-5.851694209750001,-6.4179300605,-6.436370806125
110.0,75,-5.8517605255000005,-6.41794151775,-6.4363788755
120.0,75,-5.8518415177500005,-6.417956948750001,-6.436389915625
130.0,75,-5.851938618,-6.417977224,-6.436404651625
140.0,75,-5.852053193750001,-6.41800328125,-6.4364238815
150.0,75,-5.8521865345,-6.41803610975,-6.4364484625
160.0,75,-5.8523398435,-6.418076736,-6.43647929825
170.0,75,-5.852514232500001,-6.41812621125,-6.436517325875
180.0,75,-5.852710721,-6.41818559975,-6.436563505125
190.0,75,-5.852930237250001,-6.41825597,-6.436618808125
200.0,75,-5.853173620500001,-6.41833838525,-6.436684211375
210.0,75,-5.8534416277500005,-6.418433896,-6.436760687875
220.0,75,-5.8537349372500005,-6.4185435345,-6.43684920075
230.0,75,-5.85405415675,-6.41866830875,-6.436950697375
240.0,75,-5.854399827000001,-6.4188091965,-6.43706610475
250.0,75,-5.854772429750001,-6.4189671425000006,-6.437196324875
260.0,75,-5.8551723925,-6.419143054,-6.437342231
270.0,75,-5.8556000925000005,-6.419337798,-6.437504664625
280.0,75,-5.85605586375,-6.41955219875,-6.437684433125
290.0,75,-5.856539998750001,-6.41978703675,-6.437882307375
300.0,75,-5.8570527532500005,-6.42004304725,-6.43809902025
310.0,75,-5.85759435,-6.42032091975,-6.43833526575
320.0,75,-5.858164979750001,-6.42062129775,-6.438591698375
330.0,75,-5.858764806250001,-6.42094477875,-6.4388689325
340.0,75,-5.859393966750001,-6.42129191625,-6.439167542875
350.0,75,-5.86005257425,-6.42166321875,-6.439488064625
360.0,75,-5.860740719500001,-6.42205915225,-6.439830994375
370.0,75,-5.861458473000001,-6.422480142,-6.440196790625
380.0,75,-5.862205885500001,-6.422926572,-6.440585875
390.0,75,-5.862982990500001,-6.4233987895,-6.440998633375
400.0,75,-5.8637898037500005,-6.423897104,-6.4414354175
410.0,75,-5.864626326500001,-6.42442179075,-6.441896545625
420.0,75,-5.8654925445,-6.42497309225,-6.442382304625
430.0,75,-5.866388430750001,-6.4255512195,-6.442892951125
440.0,75,-5.8673139445,-6.42615635425,-6.443428713125
450.0,75,-5.868269034000001,-6.4267886505,-6.443989791375
460.0,75,-5.869253636000001,-6.427448237,-6.444576360875
470.0,75,-5.870267677,-6.428135217,-6.445188572375
480.0,75,-5.87131107425,-6.4288496725,-6.44582655375
490.0,75,-5.872383735250001,-6.42959166325,-6.44649041125
500.0,75,-5.873485560250001,-6.43036122975,-6.44718023125
510.0,75,-5.874616441250001,-6.4311583945,-6.44789608075
520.0,75,-5.8757762630000006,-6.4319831625,-6.448638009625
530.0,75,-5.8769649045,-6.4328355232500005,-6.44940605075
540.0,75,-5.878182237500001,-6.433715452,-6.450200222
550.0,75,-5.87942812975,-6.4346229105,-6.45102052675
560.0,75,-5.8807024427500005,-6.43555784775,-6.45186695525
570.0,75,-5.8820050340000005,-6.4365202022500005,-6.452739485125
580.0,75,-5.8833357565,-6.437509901,-6.45363808275
590.0,75,-5.88469446,-6.438526862,-6.454562704
600.0,75,-5.88608099025,-6.439570995,-6.45551329475
610.0,75,-5.88749519025,-6.440642201,-6.456489792125
620.0,75,-5.8889369,-6.44174037375,-6.45749212475
630.0,75,-5.8904059577500005,-6.442865401,-6.45852021375
640.0,75,-5.89190219875,-6.444017164,-6.459573973125
650.0,75,-5.893425457,-6.44519553875,-6.460653310375
660.0,75,-5.894975565,-6.4464003962500005,-6.461758127375
670.0,75,-5.896552353250001,-6.4476316032500005,-6.462888320625
680.0,75,-5.898155651500001,-6.44888902225,-6.464043781375
690.0,75,-5.89978528875,-6.45017251275,-6.465224397
700.0,75,-5.901441093250001,-6.451481931,-6.466430050375
710.0,75,-5.903122892500001,-6.45281713,-6.467660621
720.0,75,-5.90483051375,-6.454177961,-6.468915985125
730.0,75,-5.90656378375,-6.45556427275,-6.470196016
740.0,75,-5.90832252975,-6.4569759125,-6.4715005845
750.0,75,-5.910106578750001,-6.458412725500001,-6.472829558625
760.0,75,-5.91191575775,-6.4598745565,-6.474182805125
770.0,75,-5.91374989425,-6.46136124825,-6.47556018825
780.0,75,-5.915608816500001,-6.46287264375,-6.47696157125
790.0,75,-5.91749235275,-6.464408584,-6.47838681575
800.0,75,-5.91940033225,-6.465968911,-6.47983578225
810.0,75,-5.9213325845,-6.4675534655,-6.4813083305
820.0,75,-5.92328894025,-6.469162088,-6.48280431925
830.0,75,-5.925269231000001,-6.47079462,-6.484323606875
840.0,75,-5.92727328875,-6.47245090225,-6.48586605125
850.0,75,-5.929300947000001,-6.47413077575,-6.487431509875
860.0,75,-5.93135204,-6.4758340822500005,-6.48901984
870.0,75,-5.933426403,-6.477560664,-6.490630898875
880.0,75,-5.93552387275,-6.4793103635,-6.492264544
890.0,75,-5.9376442865,-6.48108302375,-6.49392063275
900.0,75,-5.939787483000001,-6.48287848875,-6.495599022875
910.0,75,-5.94195330275,-6.4846966035,-6.49729957225
920.0,75,-5.944141586750001,-6.486537213,-6.499022139375
930.0,75,-5.946352177750001,-6.488400164,-6.50076658325
940.0,75,-5.94858491925,-6.490285304,-6.502532763125
950.0,75,-5.9508396565,-6.492192481,-6.504320539125
960.0,75,-5.9531162362500005,-6.4941215445000005,-6.506129772
970.0,75,-5.95541450625,-6.49607234475,-6.507960323125
980.0,75,-5.957734315500001,-6.4980447335,-6.5098120545
990.0,75,-5.960075514500001,-6.5000385635,-6.51168482925
1000.0,75,-5.9624379555,-6.50205368825,-6.513578511
0.0,100,-4.9621991005,-5.652753994999999,-5.674010949875
10.0,100,-4.96219912725,-5.65275399675,-5.6740109510000005
20.0,100,-4.962199642,-5.652754028,-5.674010971625
30.0,100,-4.96220179275,-5.6527541675,-5.67401106375
40.0,100,-4.9622069475,-5.65275454775,-5.67401131475
50.0,100,-4.9622164965,-5.652755356999999,-5.67401185075
60.0,100,-4.962231840249999,-5.6527568455,-5.674012841625
70.0,100,-4.962254404499999,-5.65275933325,-5.6740145091250005
80.0,100,-4.962285652249999,-5.6527632215,-5.6740171395
90.0,100,-4.9623270785,-5.65276900475,-5.674021097375
100.0,100,-4.962380195,-5.652777277249999,-5.67402683675
110.0,100,-4.962446508,-5.6527887345,-5.67403490625
120.0,100,-4.96252749725,-5.6528041655,-5.674045946375
130.0,100,-4.962624594499999,-5.652824441,-5.6740606825
140.0,100,-4.96273916725,-5.652850498249999,-5.674079912375
150.0,100,-4.9628725045,-5.65288332675,-5.6741044935
160.0,100,-4.96302581025,-5.652923953,-5.674135329375
170.0,100,-4.96320019575,-5.65297342825,-5.674173357125
180.0,100,-4.963396681,-5.653032817,-5.6742195365
190.0,100,-4.9636161935,-5.653103187499999,-5.674274839625
200.0,100,-4.96385957325,-5.6531856025,-5.674340243125
210.0,100,-4.96412757675,-5.653281113499999,-5.67441671975
220.0,100,-4.96442088275,-5.65339075225,-5.6745052327500005
230.0,100,-4.96474009825,-5.6535155265,-5.674606729625
240.0,100,-4.96508576475,-5.6536564145,-5.67472213725
250.0,100,-4.96545836375,-5.653814360749999,-5.6748523575
260.0,100,-4.96585832225,-5.65399027225,-5.6749982638750005
270.0,100,-4.9662860185,-5.65418501625,-5.675160697875
280.0,100,-4.96674178575,-5.65439941725,-5.675340466625
290.0,100,-4.96722591675,-5.6546342555,-5.675538341125001
300.0,100,-4.96773866725,-5.65489026625,-5.675755054250001
310.0,100,-4.96828025975,-5.65516813875,-5.675991300125
320.0,100,-4.96885088575,-5.65546851675,-5.676247733
330.0,100,-4.969450708,-5.655791998,-5.6765249675
340.0,100,-4.9700798645,-5.6561391355,-5.676823578125
350.0,100,-4.97073846775,-5.656510438,-5.6771441002500005
360.0,100,-4.97142660875,-5.65690637175,-5.67748703025
370.0,100,-4.97214435825,-5.6573273615,-5.677852826875
380.0,100,-4.9728917665,-5.65777379175,-5.678241911625
390.0,100,-4.97366886725,-5.65824600925,-5.678654670375
400.0,100,-4.9744756765,-5.65874432375,-5.679091454875
410.0,100,-4.975312195,-5.65926901075,-5.679552583375
420.0,100,-4.97617840875,-5.65982031225,-5.6800383427500005
430.0,100,-4.97707429075,-5.6603984395,-5.6805489896250005
440.0,100,-4.97799980025,-5.6610035745,-5.681084752
450.0,100,-4.978954885499999,-5.661635871,-5.681645830625
460.0,100,-4.9799394835,-5.66229545725,-5.682232400625
470.0,100,-4.98095352025,-5.662982437499999,-5.6828446125
480.0,100,-4.98199691325,-5.663696893,-5.68348259425
490.0,100,-4.98306957025,-5.66443888375,-5.68414645225
500.0,100,-4.984171390999999,-5.6652084505,-5.684836272625001
510.0,100,-4.9853022675,-5.666005615,-5.685552122625
520.0,100,-4.98646208525,-5.666830383,-5.6862940518750005
530.0,100,-4.98765072225,-5.667682744,-5.6870620935
540.0,100,-4.98886805125,-5.668562672749999,-5.687856265125
550.0,100,-4.99011393925,-5.66947013125,-5.688676570375001
560.0,100,-4.991388248,-5.6704050685,-5.68952299925
570.0,100,-4.992690834999999,-5.671367423,-5.6903955295
580.0,100,-4.9940215535,-5.67235712175,-5.691294127625
590.0,100,-4.99538025275,-5.673374083,-5.692218749375
600.0,100,-4.99676677875,-5.674418215749999,-5.693169340625
610.0,100,-4.998180974499999,-5.67548942175,-5.6941458385
620.0,100,-4.99962268,-5.6765875945,-5.695148171625
630.0,100,-5.0010917335,-5.67771262175,-5.696176261000001
640.0,100,-5.0025879705,-5.67886438475,-5.697230020875001
650.0,100,-5.0041112245,-5.6800427595,-5.698309358625
660.0,100,-5.00566132825,-5.681247617,-5.699414176125
670.0,100,-5.00723811225,-5.68247882375,-5.70054436975
680.0,100,-5.0088414065,-5.683736242749999,-5.7016998311250005
690.0,100,-5.0104710395,-5.68501973325,-5.7028804471250005
700.0,100,-5.01212684,-5.6863291515,-5.704086101000001
710.0,100,-5.013808635,-5.6876643505,-5.705316672125
720.0,100,-5.015516251999999,-5.68902518125,-5.706572036875
730.0,100,-5.01724951775,-5.690411493,-5.70785206825
740.0,100,-5.01900825975,-5.69182313275,-5.709156637125
750.0,100,-5.0207923045,-5.69325994575,-5.710485611875
760.0,100,-5.02260147925,-5.6947217765,-5.71183885875
770.0,100,-5.02443561175,-5.6962084685,-5.713216242500001
780.0,100,-5.02629452975,-5.6977198635,-5.714617626
790.0,100,-5.028178061999999,-5.699255804,-5.716042871
800.0,100,-5.030086037249999,-5.70081613075,-5.717491838
810.0,100,-5.0320182855,-5.702400685,-5.718964386750001
820.0,100,-5.033974637,-5.70400930775,-5.720460376
830.0,100,-5.035954923499999,-5.7056418395,-5.72197966425
840.0,100,-5.03795897725,-5.7072981215,-5.723522109125001
850.0,100,-5.03998663125,-5.708977995,-5.72508756825
860.0,100,-5.04203772025,-5.710681301499999,-5.726675898875
870.0,100,-5.044112079,-5.71240788325,-5.7282869583750005
880.0,100,-5.0462095445,-5.7141575825,-5.729920604
890.0,100,-5.04832995425,-5.71593024275,-5.73157669325
900.0,100,-5.05047314675,-5.71772570775,-5.733255083875
910.0,100,-5.0526389625,-5.71954382225,-5.73495563375
920.0,100,-5.05482724225,-5.72138443175,-5.7366782015
930.0,100,-5.057037829,-5.723247382499999,-5.73842264575
940.0,100,-5.0592705665,-5.72513252225,-5.74018882625
950.0,100,-5.06152529975,-5.72703969925,-5.741976602875
960.0,100,-5.063801875249999,-5.7289687625,-5.74378583625
970.0,100,-5.066100141,-5.73091956275,-5.745616387875001
980.0,100,-5.06841994625,-5.7328919515,-5.747468119875
990.0,100,-5.07076114125,-5.73488578125,-5.749340895125
1000.0,100,-5.07312357825,-5.736900906,-5.751234577375
